[{"model": "admin.logentry", "pk": 1, "fields": {"action_time": "2021-05-13T17:15:52.133Z", "user": 1, "content_type": 7, "object_id": "1", "object_repr": "Средства индивидуальной защиты", "action_flag": 1, "change_message": "[{\"added\": {}}]"}}, {"model": "admin.logentry", "pk": 2, "fields": {"action_time": "2021-05-13T17:17:03.128Z", "user": 1, "content_type": 11, "object_id": "1", "object_repr": "Вес", "action_flag": 1, "change_message": "[{\"added\": {}}]"}}, {"model": "admin.logentry", "pk": 3, "fields": {"action_time": "2021-05-13T17:17:08.668Z", "user": 1, "content_type": 11, "object_id": "2", "object_repr": "Объем", "action_flag": 1, "change_message": "[{\"added\": {}}]"}}, {"model": "admin.logentry", "pk": 4, "fields": {"action_time": "2021-05-13T17:17:45.205Z", "user": 1, "content_type": 11, "object_id": "3", "object_repr": "Страна изготовитель", "action_flag": 1, "change_message": "[{\"added\": {}}]"}}, {"model": "admin.logentry", "pk": 5, "fields": {"action_time": "2021-05-13T17:18:21.214Z", "user": 1, "content_type": 11, "object_id": "4", "object_repr": "Размер", "action_flag": 1, "change_message": "[{\"added\": {}}]"}}, {"model": "admin.logentry", "pk": 6, "fields": {"action_time": "2021-05-13T17:21:12.902Z", "user": 1, "content_type": 11, "object_id": "5", "object_repr": "Цвет", "action_flag": 1, "change_message": "[{\"added\": {}}]"}}, {"model": "admin.logentry", "pk": 7, "fields": {"action_time": "2021-05-13T17:21:19.421Z", "user": 1, "content_type": 11, "object_id": "6", "object_repr": "Производитель", "action_flag": 1, "change_message": "[{\"added\": {}}]"}}, {"model": "admin.logentry", "pk": 8, "fields": {"action_time": "2021-05-13T17:21:49.754Z", "user": 1, "content_type": 11, "object_id": "7", "object_repr": "Материал", "action_flag": 1, "change_message": "[{\"added\": {}}]"}}, {"model": "admin.logentry", "pk": 9, "fields": {"action_time": "2021-05-13T17:34:48.931Z", "user": 1, "content_type": 8, "object_id": "1", "object_repr": "Вес: 100", "action_flag": 1, "change_message": "[{\"added\": {}}]"}}, {"model": "admin.logentry", "pk": 10, "fields": {"action_time": "2021-05-13T17:34:59.200Z", "user": 1, "content_type": 8, "object_id": "2", "object_repr": "Страна изготовитель: Россия", "action_flag": 1, "change_message": "[{\"added\": {}}]"}}, {"model": "admin.logentry", "pk": 11, "fields": {"action_time": "2021-05-13T17:35:16.916Z", "user": 1, "content_type": 8, "object_id": "3", "object_repr": "Производитель: ООО \"МЕД\"", "action_flag": 1, "change_message": "[{\"added\": {}}]"}}, {"model": "admin.logentry", "pk": 12, "fields": {"action_time": "2021-05-13T17:35:35.928Z", "user": 1, "content_type": 8, "object_id": "4", "object_repr": "Материал: СМС", "action_flag": 1, "change_message": "[{\"added\": {}}]"}}, {"model": "admin.logentry", "pk": 13, "fields": {"action_time": "2021-05-13T17:35:47.392Z", "user": 1, "content_type": 9, "object_id": "1", "object_repr": "Маска медицинская 3-х сл., резинка, голубая, картон 100шт/уп", "action_flag": 1, "change_message": "[{\"added\": {}}]"}}, {"model": "admin.logentry", "pk": 14, "fields": {"action_time": "2021-05-16T17:19:26.251Z", "user": 1, "content_type": 6, "object_id": "2", "object_repr": "Ни Но ni@no.ru", "action_flag": 1, "change_message": "[{\"added\": {}}]"}}, {"model": "admin.logentry", "pk": 15, "fields": {"action_time": "2021-05-16T17:21:28.283Z", "user": 1, "content_type": 14, "object_id": "1", "object_repr": "Ни Но ni@no.ru от 2021-05-16 17:21:28.258778+00:00", "action_flag": 1, "change_message": "[{\"added\": {}}]"}}, {"model": "admin.logentry", "pk": 16, "fields": {"action_time": "2021-05-16T17:22:00.721Z", "user": 1, "content_type": 17, "object_id": "1", "object_repr": "Маска медицинская 3-х сл., резинка, голубая, картон 100шт/уп в Ни Но ni@no.ru от 2021-05-16 17:21:28.258778+00:00", "action_flag": 1, "change_message": "[{\"added\": {}}]"}}, {"model": "admin.logentry", "pk": 17, "fields": {"action_time": "2021-05-16T17:22:11.476Z", "user": 1, "content_type": 17, "object_id": "1", "object_repr": "Маска медицинская 3-х сл., резинка, голубая, картон 100шт/уп в Ни Но ni@no.ru от 2021-05-16 17:21:28.258778+00:00", "action_flag": 3, "change_message": ""}}, {"model": "admin.logentry", "pk": 18, "fields": {"action_time": "2021-05-17T06:25:20.868Z", "user": 1, "content_type": 8, "object_id": "5", "object_repr": "Размер: 10 на 10 см", "action_flag": 1, "change_message": "[{\"added\": {}}]"}}, {"model": "admin.logentry", "pk": 19, "fields": {"action_time": "2021-05-17T06:25:31.914Z", "user": 1, "content_type": 8, "object_id": "6", "object_repr": "Вес: 300", "action_flag": 1, "change_message": "[{\"added\": {}}]"}}, {"model": "admin.logentry", "pk": 20, "fields": {"action_time": "2021-05-17T06:25:41.705Z", "user": 1, "content_type": 9, "object_id": "2", "object_repr": "Салфетка спиртовая антисептическая из нетканного материала Фарм-Глобал 60х100 мм", "action_flag": 1, "change_message": "[{\"added\": {}}]"}}, {"model": "admin.logentry", "pk": 21, "fields": {"action_time": "2021-05-17T06:26:19.750Z", "user": 1, "content_type": 8, "object_id": "7", "object_repr": "Размер: 10 на 10 см", "action_flag": 1, "change_message": "[{\"added\": {}}]"}}, {"model": "admin.logentry", "pk": 22, "fields": {"action_time": "2021-05-17T06:26:29.448Z", "user": 1, "content_type": 8, "object_id": "8", "object_repr": "Вес: 100", "action_flag": 1, "change_message": "[{\"added\": {}}]"}}, {"model": "admin.logentry", "pk": 23, "fields": {"action_time": "2021-05-17T06:26:39.554Z", "user": 1, "content_type": 8, "object_id": "9", "object_repr": "Страна изготовитель: Россия", "action_flag": 1, "change_message": "[{\"added\": {}}]"}}, {"model": "admin.logentry", "pk": 24, "fields": {"action_time": "2021-05-17T06:26:49.186Z", "user": 1, "content_type": 8, "object_id": "10", "object_repr": "Производитель: Mr Cleaner", "action_flag": 1, "change_message": "[{\"added\": {}}]"}}, {"model": "admin.logentry", "pk": 25, "fields": {"action_time": "2021-05-17T06:27:18.852Z", "user": 1, "content_type": 9, "object_id": "3", "object_repr": "Лосьон с антибактериальным эффектом Mr. Cleaner, 100 мл", "action_flag": 1, "change_message": "[{\"added\": {}}]"}}, {"model": "admin.logentry", "pk": 26, "fields": {"action_time": "2021-05-17T06:28:12.295Z", "user": 1, "content_type": 8, "object_id": "11", "object_repr": "Вес: 500", "action_flag": 1, "change_message": "[{\"added\": {}}]"}}, {"model": "admin.logentry", "pk": 27, "fields": {"action_time": "2021-05-17T06:28:29.469Z", "user": 1, "content_type": 8, "object_id": "12", "object_repr": "Производитель: Серебряный стиль", "action_flag": 1, "change_message": "[{\"added\": {}}]"}}, {"model": "admin.logentry", "pk": 28, "fields": {"action_time": "2021-05-17T06:28:35.454Z", "user": 1, "content_type": 8, "object_id": "13", "object_repr": "Страна изготовитель: Россия", "action_flag": 1, "change_message": "[{\"added\": {}}]"}}, {"model": "admin.logentry", "pk": 29, "fields": {"action_time": "2021-05-17T06:28:38.389Z", "user": 1, "content_type": 9, "object_id": "4", "object_repr": "Антисептик Деарген-200 - содержащий серебро, 500 мл", "action_flag": 1, "change_message": "[{\"added\": {}}]"}}, {"model": "admin.logentry", "pk": 30, "fields": {"action_time": "2021-05-17T06:29:07.880Z", "user": 1, "content_type": 8, "object_id": "14", "object_repr": "Вес: 100", "action_flag": 1, "change_message": "[{\"added\": {}}]"}}, {"model": "admin.logentry", "pk": 31, "fields": {"action_time": "2021-05-17T06:29:18.643Z", "user": 1, "content_type": 8, "object_id": "15", "object_repr": "Страна изготовитель: Россия", "action_flag": 1, "change_message": "[{\"added\": {}}]"}}, {"model": "admin.logentry", "pk": 32, "fields": {"action_time": "2021-05-17T06:29:31.083Z", "user": 1, "content_type": 8, "object_id": "16", "object_repr": "Производитель: УралНанотех", "action_flag": 1, "change_message": "[{\"added\": {}}]"}}, {"model": "admin.logentry", "pk": 33, "fields": {"action_time": "2021-05-17T06:29:49.502Z", "user": 1, "content_type": 9, "object_id": "5", "object_repr": "Средство дезинфицирующее (кожный антисептик) ДЕЗИТОЛ А, 100 мл", "action_flag": 1, "change_message": "[{\"added\": {}}]"}}, {"model": "admin.logentry", "pk": 34, "fields": {"action_time": "2021-05-17T06:30:31.422Z", "user": 1, "content_type": 8, "object_id": "17", "object_repr": "Производитель: ПОЛИСЕПТ", "action_flag": 1, "change_message": "[{\"added\": {}}]"}}, {"model": "admin.logentry", "pk": 35, "fields": {"action_time": "2021-05-17T06:30:48.679Z", "user": 1, "content_type": 8, "object_id": "18", "object_repr": "Размер: Россия", "action_flag": 1, "change_message": "[{\"added\": {}}]"}}, {"model": "admin.logentry", "pk": 36, "fields": {"action_time": "2021-05-17T06:31:04.047Z", "user": 1, "content_type": 8, "object_id": "19", "object_repr": "Вес: 250", "action_flag": 1, "change_message": "[{\"added\": {}}]"}}, {"model": "admin.logentry", "pk": 37, "fields": {"action_time": "2021-05-17T06:31:30.559Z", "user": 1, "content_type": 9, "object_id": "6", "object_repr": "Экобриз антисептик спрей", "action_flag": 1, "change_message": "[{\"added\": {}}]"}}, {"model": "admin.logentry", "pk": 38, "fields": {"action_time": "2021-05-17T06:35:35.684Z", "user": 1, "content_type": 15, "object_id": "1", "object_repr": "Изображение 1", "action_flag": 1, "change_message": "[{\"added\": {}}]"}}, {"model": "admin.logentry", "pk": 39, "fields": {"action_time": "2021-05-17T06:36:47.230Z", "user": 1, "content_type": 15, "object_id": "2", "object_repr": "Изображение 2", "action_flag": 1, "change_message": "[{\"added\": {}}]"}}, {"model": "admin.logentry", "pk": 40, "fields": {"action_time": "2021-05-17T06:37:43.134Z", "user": 1, "content_type": 15, "object_id": "3", "object_repr": "Изображение 3", "action_flag": 1, "change_message": "[{\"added\": {}}]"}}, {"model": "admin.logentry", "pk": 41, "fields": {"action_time": "2021-05-17T06:38:17.585Z", "user": 1, "content_type": 15, "object_id": "4", "object_repr": "Изображение 4", "action_flag": 1, "change_message": "[{\"added\": {}}]"}}, {"model": "admin.logentry", "pk": 42, "fields": {"action_time": "2021-05-17T06:38:58.930Z", "user": 1, "content_type": 15, "object_id": "5", "object_repr": "Изображение 5", "action_flag": 1, "change_message": "[{\"added\": {}}]"}}, {"model": "admin.logentry", "pk": 43, "fields": {"action_time": "2021-05-17T07:29:04.847Z", "user": 1, "content_type": 9, "object_id": "1", "object_repr": "Маска медицинская 3-х сл., резинка, голубая, картон 100шт/уп", "action_flag": 3, "change_message": ""}}, {"model": "admin.logentry", "pk": 44, "fields": {"action_time": "2021-05-17T08:33:39.538Z", "user": 1, "content_type": 7, "object_id": "2", "object_repr": "Защитные маски", "action_flag": 1, "change_message": "[{\"added\": {}}]"}}, {"model": "admin.logentry", "pk": 45, "fields": {"action_time": "2021-05-17T08:33:49.512Z", "user": 1, "content_type": 7, "object_id": "3", "object_repr": "Перчатки и комбинезоны", "action_flag": 1, "change_message": "[{\"added\": {}}]"}}, {"model": "admin.logentry", "pk": 46, "fields": {"action_time": "2021-05-17T08:33:58.031Z", "user": 1, "content_type": 7, "object_id": "4", "object_repr": "Антисептики", "action_flag": 1, "change_message": "[{\"added\": {}}]"}}, {"model": "admin.logentry", "pk": 47, "fields": {"action_time": "2021-05-17T08:34:11.713Z", "user": 1, "content_type": 7, "object_id": "5", "object_repr": "Термометры", "action_flag": 1, "change_message": "[{\"added\": {}}]"}}, {"model": "admin.logentry", "pk": 48, "fields": {"action_time": "2021-05-17T08:34:20.570Z", "user": 1, "content_type": 7, "object_id": "6", "object_repr": "Ингаляторы", "action_flag": 1, "change_message": "[{\"added\": {}}]"}}, {"model": "admin.logentry", "pk": 49, "fields": {"action_time": "2021-05-17T08:34:36.592Z", "user": 1, "content_type": 7, "object_id": "7", "object_repr": "Очистители и стерилизаторы", "action_flag": 1, "change_message": "[{\"added\": {}}]"}}, {"model": "admin.logentry", "pk": 50, "fields": {"action_time": "2021-05-17T08:35:04.818Z", "user": 1, "content_type": 9, "object_id": "6", "object_repr": "Экобриз антисептик спрей", "action_flag": 2, "change_message": "[{\"changed\": {\"fields\": [\"Category\"]}}]"}}, {"model": "admin.logentry", "pk": 51, "fields": {"action_time": "2021-05-17T08:35:08.861Z", "user": 1, "content_type": 9, "object_id": "5", "object_repr": "Средство дезинфицирующее (кожный антисептик) ДЕЗИТОЛ А, 100 мл", "action_flag": 2, "change_message": "[{\"changed\": {\"fields\": [\"Category\"]}}]"}}, {"model": "admin.logentry", "pk": 52, "fields": {"action_time": "2021-05-17T08:35:12.760Z", "user": 1, "content_type": 9, "object_id": "4", "object_repr": "Антисептик Деарген-200 - содержащий серебро, 500 мл", "action_flag": 2, "change_message": "[{\"changed\": {\"fields\": [\"Category\"]}}]"}}, {"model": "admin.logentry", "pk": 53, "fields": {"action_time": "2021-05-17T08:35:15.968Z", "user": 1, "content_type": 9, "object_id": "3", "object_repr": "Лосьон с антибактериальным эффектом Mr. Cleaner, 100 мл", "action_flag": 2, "change_message": "[{\"changed\": {\"fields\": [\"Category\"]}}]"}}, {"model": "admin.logentry", "pk": 54, "fields": {"action_time": "2021-05-17T08:35:18.849Z", "user": 1, "content_type": 9, "object_id": "2", "object_repr": "Салфетка спиртовая антисептическая из нетканного материала Фарм-Глобал 60х100 мм", "action_flag": 2, "change_message": "[{\"changed\": {\"fields\": [\"Category\"]}}]"}}, {"model": "admin.logentry", "pk": 55, "fields": {"action_time": "2021-05-17T08:35:32.187Z", "user": 1, "content_type": 7, "object_id": "1", "object_repr": "Средства индивидуальной защиты", "action_flag": 3, "change_message": ""}}, {"model": "admin.logentry", "pk": 56, "fields": {"action_time": "2021-05-17T08:41:53.694Z", "user": 1, "content_type": 9, "object_id": "7", "object_repr": "Маска1", "action_flag": 1, "change_message": "[{\"added\": {}}]"}}, {"model": "admin.logentry", "pk": 57, "fields": {"action_time": "2021-05-17T08:42:07.131Z", "user": 1, "content_type": 9, "object_id": "8", "object_repr": "Маска2", "action_flag": 1, "change_message": "[{\"added\": {}}]"}}, {"model": "admin.logentry", "pk": 58, "fields": {"action_time": "2021-05-17T08:42:21.984Z", "user": 1, "content_type": 9, "object_id": "9", "object_repr": "Маска3", "action_flag": 1, "change_message": "[{\"added\": {}}]"}}, {"model": "admin.logentry", "pk": 59, "fields": {"action_time": "2021-05-17T08:42:38.166Z", "user": 1, "content_type": 9, "object_id": "10", "object_repr": "Маска4", "action_flag": 1, "change_message": "[{\"added\": {}}]"}}, {"model": "admin.logentry", "pk": 60, "fields": {"action_time": "2021-05-17T08:43:00.042Z", "user": 1, "content_type": 9, "object_id": "11", "object_repr": "Перчатки1", "action_flag": 1, "change_message": "[{\"added\": {}}]"}}, {"model": "admin.logentry", "pk": 61, "fields": {"action_time": "2021-05-17T08:43:16.592Z", "user": 1, "content_type": 9, "object_id": "12", "object_repr": "Комбез1", "action_flag": 1, "change_message": "[{\"added\": {}}]"}}, {"model": "admin.logentry", "pk": 62, "fields": {"action_time": "2021-05-17T08:43:32.680Z", "user": 1, "content_type": 9, "object_id": "13", "object_repr": "Перчатки2", "action_flag": 1, "change_message": "[{\"added\": {}}]"}}, {"model": "admin.logentry", "pk": 63, "fields": {"action_time": "2021-05-17T08:43:53.225Z", "user": 1, "content_type": 9, "object_id": "14", "object_repr": "Комбез2", "action_flag": 1, "change_message": "[{\"added\": {}}]"}}, {"model": "admin.logentry", "pk": 64, "fields": {"action_time": "2021-05-17T08:44:14.696Z", "user": 1, "content_type": 9, "object_id": "15", "object_repr": "Перчатки3", "action_flag": 1, "change_message": "[{\"added\": {}}]"}}, {"model": "admin.logentry", "pk": 65, "fields": {"action_time": "2021-05-17T08:44:47.982Z", "user": 1, "content_type": 9, "object_id": "16", "object_repr": "Термометр1", "action_flag": 1, "change_message": "[{\"added\": {}}]"}}, {"model": "admin.logentry", "pk": 66, "fields": {"action_time": "2021-05-17T08:45:14.483Z", "user": 1, "content_type": 9, "object_id": "17", "object_repr": "Термометр2", "action_flag": 1, "change_message": "[{\"added\": {}}]"}}, {"model": "admin.logentry", "pk": 67, "fields": {"action_time": "2021-05-17T08:45:34.391Z", "user": 1, "content_type": 9, "object_id": "18", "object_repr": "Термометр3", "action_flag": 1, "change_message": "[{\"added\": {}}]"}}, {"model": "admin.logentry", "pk": 68, "fields": {"action_time": "2021-05-17T08:45:50.529Z", "user": 1, "content_type": 9, "object_id": "19", "object_repr": "Термометр4", "action_flag": 1, "change_message": "[{\"added\": {}}]"}}, {"model": "admin.logentry", "pk": 69, "fields": {"action_time": "2021-05-17T08:46:04.596Z", "user": 1, "content_type": 9, "object_id": "20", "object_repr": "Термометр5", "action_flag": 1, "change_message": "[{\"added\": {}}]"}}, {"model": "admin.logentry", "pk": 70, "fields": {"action_time": "2021-05-17T08:46:27.510Z", "user": 1, "content_type": 9, "object_id": "21", "object_repr": "Ингалятор1", "action_flag": 1, "change_message": "[{\"added\": {}}]"}}, {"model": "admin.logentry", "pk": 71, "fields": {"action_time": "2021-05-17T08:46:46.391Z", "user": 1, "content_type": 9, "object_id": "22", "object_repr": "Ингалятор2", "action_flag": 1, "change_message": "[{\"added\": {}}]"}}, {"model": "admin.logentry", "pk": 72, "fields": {"action_time": "2021-05-17T08:47:28.206Z", "user": 1, "content_type": 9, "object_id": "23", "object_repr": "Ингалятор3", "action_flag": 1, "change_message": "[{\"added\": {}}]"}}, {"model": "admin.logentry", "pk": 73, "fields": {"action_time": "2021-05-17T08:47:43.902Z", "user": 1, "content_type": 9, "object_id": "24", "object_repr": "Ингалятор4", "action_flag": 1, "change_message": "[{\"added\": {}}]"}}, {"model": "admin.logentry", "pk": 74, "fields": {"action_time": "2021-05-17T08:48:04.474Z", "user": 1, "content_type": 9, "object_id": "25", "object_repr": "Ингалятор5", "action_flag": 1, "change_message": "[{\"added\": {}}]"}}, {"model": "admin.logentry", "pk": 75, "fields": {"action_time": "2021-05-17T08:48:24.053Z", "user": 1, "content_type": 9, "object_id": "26", "object_repr": "Очистители и стерилизаторы", "action_flag": 1, "change_message": "[{\"added\": {}}]"}}, {"model": "admin.logentry", "pk": 76, "fields": {"action_time": "2021-05-17T08:48:42.334Z", "user": 1, "content_type": 9, "object_id": "27", "object_repr": "Очиститель2", "action_flag": 1, "change_message": "[{\"added\": {}}]"}}, {"model": "admin.logentry", "pk": 77, "fields": {"action_time": "2021-05-17T08:48:55.131Z", "user": 1, "content_type": 9, "object_id": "28", "object_repr": "Очиститель3", "action_flag": 1, "change_message": "[{\"added\": {}}]"}}, {"model": "admin.logentry", "pk": 78, "fields": {"action_time": "2021-05-17T08:49:10.529Z", "user": 1, "content_type": 9, "object_id": "29", "object_repr": "Очиститель4", "action_flag": 1, "change_message": "[{\"added\": {}}]"}}, {"model": "admin.logentry", "pk": 79, "fields": {"action_time": "2021-05-17T08:49:32.397Z", "user": 1, "content_type": 9, "object_id": "30", "object_repr": "Очиститель5", "action_flag": 1, "change_message": "[{\"added\": {}}]"}}, {"model": "admin.logentry", "pk": 80, "fields": {"action_time": "2021-05-17T08:49:40.426Z", "user": 1, "content_type": 9, "object_id": "26", "object_repr": "Очиститель1", "action_flag": 2, "change_message": "[{\"changed\": {\"fields\": [\"\\u041d\\u0430\\u0438\\u043c\\u0435\\u043d\\u043e\\u0432\\u0430\\u043d\\u0438\\u0435 \\u0442\\u043e\\u0432\\u0430\\u0440\\u0430\"]}}]"}}, {"model": "admin.logentry", "pk": 81, "fields": {"action_time": "2021-05-17T09:51:27.379Z", "user": 1, "content_type": 15, "object_id": "6", "object_repr": "Изображение 6", "action_flag": 1, "change_message": "[{\"added\": {}}]"}}, {"model": "admin.logentry", "pk": 82, "fields": {"action_time": "2021-05-17T09:51:39.343Z", "user": 1, "content_type": 15, "object_id": "7", "object_repr": "Изображение 7", "action_flag": 1, "change_message": "[{\"added\": {}}]"}}, {"model": "admin.logentry", "pk": 83, "fields": {"action_time": "2021-05-17T09:51:52.797Z", "user": 1, "content_type": 15, "object_id": "8", "object_repr": "Изображение 8", "action_flag": 1, "change_message": "[{\"added\": {}}]"}}, {"model": "admin.logentry", "pk": 84, "fields": {"action_time": "2021-05-17T09:52:09.401Z", "user": 1, "content_type": 15, "object_id": "9", "object_repr": "Изображение 9", "action_flag": 1, "change_message": "[{\"added\": {}}]"}}, {"model": "admin.logentry", "pk": 85, "fields": {"action_time": "2021-05-17T10:15:42.054Z", "user": 1, "content_type": 15, "object_id": "10", "object_repr": "Изображение 10", "action_flag": 1, "change_message": "[{\"added\": {}}]"}}, {"model": "admin.logentry", "pk": 86, "fields": {"action_time": "2021-05-17T10:15:49.405Z", "user": 1, "content_type": 15, "object_id": "11", "object_repr": "Изображение 11", "action_flag": 1, "change_message": "[{\"added\": {}}]"}}, {"model": "admin.logentry", "pk": 87, "fields": {"action_time": "2021-05-17T10:16:14.736Z", "user": 1, "content_type": 15, "object_id": "12", "object_repr": "Изображение 12", "action_flag": 1, "change_message": "[{\"added\": {}}]"}}, {"model": "admin.logentry", "pk": 88, "fields": {"action_time": "2021-05-17T10:16:25.643Z", "user": 1, "content_type": 15, "object_id": "13", "object_repr": "Изображение 13", "action_flag": 1, "change_message": "[{\"added\": {}}]"}}, {"model": "admin.logentry", "pk": 89, "fields": {"action_time": "2021-05-17T10:16:37.845Z", "user": 1, "content_type": 15, "object_id": "14", "object_repr": "Изображение 14", "action_flag": 1, "change_message": "[{\"added\": {}}]"}}, {"model": "admin.logentry", "pk": 90, "fields": {"action_time": "2021-05-17T10:21:39.240Z", "user": 1, "content_type": 15, "object_id": "15", "object_repr": "Изображение 15", "action_flag": 1, "change_message": "[{\"added\": {}}]"}}, {"model": "admin.logentry", "pk": 91, "fields": {"action_time": "2021-05-17T10:21:46.248Z", "user": 1, "content_type": 15, "object_id": "16", "object_repr": "Изображение 16", "action_flag": 1, "change_message": "[{\"added\": {}}]"}}, {"model": "admin.logentry", "pk": 92, "fields": {"action_time": "2021-05-17T10:21:54.062Z", "user": 1, "content_type": 15, "object_id": "17", "object_repr": "Изображение 17", "action_flag": 1, "change_message": "[{\"added\": {}}]"}}, {"model": "admin.logentry", "pk": 93, "fields": {"action_time": "2021-05-17T10:22:01.866Z", "user": 1, "content_type": 15, "object_id": "18", "object_repr": "Изображение 18", "action_flag": 1, "change_message": "[{\"added\": {}}]"}}, {"model": "admin.logentry", "pk": 94, "fields": {"action_time": "2021-05-17T10:22:40.602Z", "user": 1, "content_type": 15, "object_id": "19", "object_repr": "Изображение 19", "action_flag": 1, "change_message": "[{\"added\": {}}]"}}, {"model": "admin.logentry", "pk": 95, "fields": {"action_time": "2021-05-17T10:29:40.666Z", "user": 1, "content_type": 15, "object_id": "20", "object_repr": "Изображение 20", "action_flag": 1, "change_message": "[{\"added\": {}}]"}}, {"model": "admin.logentry", "pk": 96, "fields": {"action_time": "2021-05-17T10:29:49.743Z", "user": 1, "content_type": 15, "object_id": "21", "object_repr": "Изображение 21", "action_flag": 1, "change_message": "[{\"added\": {}}]"}}, {"model": "admin.logentry", "pk": 97, "fields": {"action_time": "2021-05-17T10:29:56.776Z", "user": 1, "content_type": 15, "object_id": "22", "object_repr": "Изображение 22", "action_flag": 1, "change_message": "[{\"added\": {}}]"}}, {"model": "admin.logentry", "pk": 98, "fields": {"action_time": "2021-05-17T10:30:05.434Z", "user": 1, "content_type": 15, "object_id": "23", "object_repr": "Изображение 23", "action_flag": 1, "change_message": "[{\"added\": {}}]"}}, {"model": "admin.logentry", "pk": 99, "fields": {"action_time": "2021-05-17T10:30:12.057Z", "user": 1, "content_type": 15, "object_id": "24", "object_repr": "Изображение 24", "action_flag": 1, "change_message": "[{\"added\": {}}]"}}, {"model": "admin.logentry", "pk": 100, "fields": {"action_time": "2021-05-17T10:31:51.204Z", "user": 1, "content_type": 7, "object_id": "7", "object_repr": "Очистители и стерилизаторы", "action_flag": 3, "change_message": ""}}, {"model": "admin.logentry", "pk": 101, "fields": {"action_time": "2021-05-17T11:23:29.370Z", "user": 1, "content_type": 9, "object_id": "6", "object_repr": "Экобриз антисептик спрей 100 мл.", "action_flag": 2, "change_message": "[{\"changed\": {\"fields\": [\"\\u041d\\u0430\\u0438\\u043c\\u0435\\u043d\\u043e\\u0432\\u0430\\u043d\\u0438\\u0435 \\u0442\\u043e\\u0432\\u0430\\u0440\\u0430\"]}}]"}}, {"model": "auth.permission", "pk": 1, "fields": {"name": "Can add log entry", "content_type": 1, "codename": "add_logentry"}}, {"model": "auth.permission", "pk": 2, "fields": {"name": "Can change log entry", "content_type": 1, "codename": "change_logentry"}}, {"model": "auth.permission", "pk": 3, "fields": {"name": "Can delete log entry", "content_type": 1, "codename": "delete_logentry"}}, {"model": "auth.permission", "pk": 4, "fields": {"name": "Can view log entry", "content_type": 1, "codename": "view_logentry"}}, {"model": "auth.permission", "pk": 5, "fields": {"name": "Can add permission", "content_type": 2, "codename": "add_permission"}}, {"model": "auth.permission", "pk": 6, "fields": {"name": "Can change permission", "content_type": 2, "codename": "change_permission"}}, {"model": "auth.permission", "pk": 7, "fields": {"name": "Can delete permission", "content_type": 2, "codename": "delete_permission"}}, {"model": "auth.permission", "pk": 8, "fields": {"name": "Can view permission", "content_type": 2, "codename": "view_permission"}}, {"model": "auth.permission", "pk": 9, "fields": {"name": "Can add group", "content_type": 3, "codename": "add_group"}}, {"model": "auth.permission", "pk": 10, "fields": {"name": "Can change group", "content_type": 3, "codename": "change_group"}}, {"model": "auth.permission", "pk": 11, "fields": {"name": "Can delete group", "content_type": 3, "codename": "delete_group"}}, {"model": "auth.permission", "pk": 12, "fields": {"name": "Can view group", "content_type": 3, "codename": "view_group"}}, {"model": "auth.permission", "pk": 13, "fields": {"name": "Can add content type", "content_type": 4, "codename": "add_contenttype"}}, {"model": "auth.permission", "pk": 14, "fields": {"name": "Can change content type", "content_type": 4, "codename": "change_contenttype"}}, {"model": "auth.permission", "pk": 15, "fields": {"name": "Can delete content type", "content_type": 4, "codename": "delete_contenttype"}}, {"model": "auth.permission", "pk": 16, "fields": {"name": "Can view content type", "content_type": 4, "codename": "view_contenttype"}}, {"model": "auth.permission", "pk": 17, "fields": {"name": "Can add session", "content_type": 5, "codename": "add_session"}}, {"model": "auth.permission", "pk": 18, "fields": {"name": "Can change session", "content_type": 5, "codename": "change_session"}}, {"model": "auth.permission", "pk": 19, "fields": {"name": "Can delete session", "content_type": 5, "codename": "delete_session"}}, {"model": "auth.permission", "pk": 20, "fields": {"name": "Can view session", "content_type": 5, "codename": "view_session"}}, {"model": "auth.permission", "pk": 21, "fields": {"name": "Can add user", "content_type": 6, "codename": "add_customuser"}}, {"model": "auth.permission", "pk": 22, "fields": {"name": "Can change user", "content_type": 6, "codename": "change_customuser"}}, {"model": "auth.permission", "pk": 23, "fields": {"name": "Can delete user", "content_type": 6, "codename": "delete_customuser"}}, {"model": "auth.permission", "pk": 24, "fields": {"name": "Can view user", "content_type": 6, "codename": "view_customuser"}}, {"model": "auth.permission", "pk": 25, "fields": {"name": "Can add category", "content_type": 7, "codename": "add_category"}}, {"model": "auth.permission", "pk": 26, "fields": {"name": "Can change category", "content_type": 7, "codename": "change_category"}}, {"model": "auth.permission", "pk": 27, "fields": {"name": "Can delete category", "content_type": 7, "codename": "delete_category"}}, {"model": "auth.permission", "pk": 28, "fields": {"name": "Can view category", "content_type": 7, "codename": "view_category"}}, {"model": "auth.permission", "pk": 29, "fields": {"name": "Can add characteristic product", "content_type": 8, "codename": "add_characteristicproduct"}}, {"model": "auth.permission", "pk": 30, "fields": {"name": "Can change characteristic product", "content_type": 8, "codename": "change_characteristicproduct"}}, {"model": "auth.permission", "pk": 31, "fields": {"name": "Can delete characteristic product", "content_type": 8, "codename": "delete_characteristicproduct"}}, {"model": "auth.permission", "pk": 32, "fields": {"name": "Can view characteristic product", "content_type": 8, "codename": "view_characteristicproduct"}}, {"model": "auth.permission", "pk": 33, "fields": {"name": "Can add product", "content_type": 9, "codename": "add_product"}}, {"model": "auth.permission", "pk": 34, "fields": {"name": "Can change product", "content_type": 9, "codename": "change_product"}}, {"model": "auth.permission", "pk": 35, "fields": {"name": "Can delete product", "content_type": 9, "codename": "delete_product"}}, {"model": "auth.permission", "pk": 36, "fields": {"name": "Can view product", "content_type": 9, "codename": "view_product"}}, {"model": "auth.permission", "pk": 37, "fields": {"name": "Can add promo code", "content_type": 10, "codename": "add_promocode"}}, {"model": "auth.permission", "pk": 38, "fields": {"name": "Can change promo code", "content_type": 10, "codename": "change_promocode"}}, {"model": "auth.permission", "pk": 39, "fields": {"name": "Can delete promo code", "content_type": 10, "codename": "delete_promocode"}}, {"model": "auth.permission", "pk": 40, "fields": {"name": "Can view promo code", "content_type": 10, "codename": "view_promocode"}}, {"model": "auth.permission", "pk": 41, "fields": {"name": "Can add type characteristic", "content_type": 11, "codename": "add_typecharacteristic"}}, {"model": "auth.permission", "pk": 42, "fields": {"name": "Can change type characteristic", "content_type": 11, "codename": "change_typecharacteristic"}}, {"model": "auth.permission", "pk": 43, "fields": {"name": "Can delete type characteristic", "content_type": 11, "codename": "delete_typecharacteristic"}}, {"model": "auth.permission", "pk": 44, "fields": {"name": "Can view type characteristic", "content_type": 11, "codename": "view_typecharacteristic"}}, {"model": "auth.permission", "pk": 45, "fields": {"name": "Can add shopping cart", "content_type": 12, "codename": "add_shoppingcart"}}, {"model": "auth.permission", "pk": 46, "fields": {"name": "Can change shopping cart", "content_type": 12, "codename": "change_shoppingcart"}}, {"model": "auth.permission", "pk": 47, "fields": {"name": "Can delete shopping cart", "content_type": 12, "codename": "delete_shoppingcart"}}, {"model": "auth.permission", "pk": 48, "fields": {"name": "Can view shopping cart", "content_type": 12, "codename": "view_shoppingcart"}}, {"model": "auth.permission", "pk": 49, "fields": {"name": "Can add product in shopping cart", "content_type": 13, "codename": "add_productinshoppingcart"}}, {"model": "auth.permission", "pk": 50, "fields": {"name": "Can change product in shopping cart", "content_type": 13, "codename": "change_productinshoppingcart"}}, {"model": "auth.permission", "pk": 51, "fields": {"name": "Can delete product in shopping cart", "content_type": 13, "codename": "delete_productinshoppingcart"}}, {"model": "auth.permission", "pk": 52, "fields": {"name": "Can view product in shopping cart", "content_type": 13, "codename": "view_productinshoppingcart"}}, {"model": "auth.permission", "pk": 53, "fields": {"name": "Can add order", "content_type": 14, "codename": "add_order"}}, {"model": "auth.permission", "pk": 54, "fields": {"name": "Can change order", "content_type": 14, "codename": "change_order"}}, {"model": "auth.permission", "pk": 55, "fields": {"name": "Can delete order", "content_type": 14, "codename": "delete_order"}}, {"model": "auth.permission", "pk": 56, "fields": {"name": "Can view order", "content_type": 14, "codename": "view_order"}}, {"model": "auth.permission", "pk": 57, "fields": {"name": "Can add image product", "content_type": 15, "codename": "add_imageproduct"}}, {"model": "auth.permission", "pk": 58, "fields": {"name": "Can change image product", "content_type": 15, "codename": "change_imageproduct"}}, {"model": "auth.permission", "pk": 59, "fields": {"name": "Can delete image product", "content_type": 15, "codename": "delete_imageproduct"}}, {"model": "auth.permission", "pk": 60, "fields": {"name": "Can view image product", "content_type": 15, "codename": "view_imageproduct"}}, {"model": "auth.permission", "pk": 61, "fields": {"name": "Can add warehouse", "content_type": 16, "codename": "add_warehouse"}}, {"model": "auth.permission", "pk": 62, "fields": {"name": "Can change warehouse", "content_type": 16, "codename": "change_warehouse"}}, {"model": "auth.permission", "pk": 63, "fields": {"name": "Can delete warehouse", "content_type": 16, "codename": "delete_warehouse"}}, {"model": "auth.permission", "pk": 64, "fields": {"name": "Can view warehouse", "content_type": 16, "codename": "view_warehouse"}}, {"model": "auth.permission", "pk": 65, "fields": {"name": "Can add product in order", "content_type": 17, "codename": "add_productinorder"}}, {"model": "auth.permission", "pk": 66, "fields": {"name": "Can change product in order", "content_type": 17, "codename": "change_productinorder"}}, {"model": "auth.permission", "pk": 67, "fields": {"name": "Can delete product in order", "content_type": 17, "codename": "delete_productinorder"}}, {"model": "auth.permission", "pk": 68, "fields": {"name": "Can view product in order", "content_type": 17, "codename": "view_productinorder"}}, {"model": "contenttypes.contenttype", "pk": 1, "fields": {"app_label": "admin", "model": "logentry"}}, {"model": "contenttypes.contenttype", "pk": 2, "fields": {"app_label": "auth", "model": "permission"}}, {"model": "contenttypes.contenttype", "pk": 3, "fields": {"app_label": "auth", "model": "group"}}, {"model": "contenttypes.contenttype", "pk": 4, "fields": {"app_label": "contenttypes", "model": "contenttype"}}, {"model": "contenttypes.contenttype", "pk": 5, "fields": {"app_label": "sessions", "model": "session"}}, {"model": "contenttypes.contenttype", "pk": 6, "fields": {"app_label": "main", "model": "customuser"}}, {"model": "contenttypes.contenttype", "pk": 7, "fields": {"app_label": "main", "model": "category"}}, {"model": "contenttypes.contenttype", "pk": 8, "fields": {"app_label": "main", "model": "characteristicproduct"}}, {"model": "contenttypes.contenttype", "pk": 9, "fields": {"app_label": "main", "model": "product"}}, {"model": "contenttypes.contenttype", "pk": 10, "fields": {"app_label": "main", "model": "promocode"}}, {"model": "contenttypes.contenttype", "pk": 11, "fields": {"app_label": "main", "model": "typecharacteristic"}}, {"model": "contenttypes.contenttype", "pk": 12, "fields": {"app_label": "main", "model": "shoppingcart"}}, {"model": "contenttypes.contenttype", "pk": 13, "fields": {"app_label": "main", "model": "productinshoppingcart"}}, {"model": "contenttypes.contenttype", "pk": 14, "fields": {"app_label": "main", "model": "order"}}, {"model": "contenttypes.contenttype", "pk": 15, "fields": {"app_label": "main", "model": "imageproduct"}}, {"model": "contenttypes.contenttype", "pk": 16, "fields": {"app_label": "main", "model": "warehouse"}}, {"model": "contenttypes.contenttype", "pk": 17, "fields": {"app_label": "main", "model": "productinorder"}}, {"model": "sessions.session", "pk": "9ddprmy48d50l7tgcbs1o3w9xagiwqpe", "fields": {"session_data": ".eJxVjDsOwjAQBe_iGlmscXa9lPScwVr_cAA5UpxUiLtDpBTQvpl5L-VlXapfe579mNRZgTr8bkHiI7cNpLu026Tj1JZ5DHpT9E67vk4pPy-7-3dQpddvzTEUZAQhQwOFXAbiIERWTHFg2HLCo3MCApwTg3EmRHKIxjLgidX7A9UiNt0:1lhEE7:CK8lkl-kL3mPzavaSSBYHQCP6Dh8bzEJmPAyfl2gkKs", "expire_date": "2021-05-27T16:30:19.533Z"}}, {"model": "main.customuser", "pk": 1, "fields": {"password": "pbkdf2_sha256$260000$m7qeTexZuGZzU5dMaBNp4m$4gAmg2PNLcabM7G+FvBtCHk1Kwi0cb9CEvfbnjWo/t0=", "last_login": "2021-05-13T16:30:19.410Z", "is_superuser": true, "last_name": "", "is_staff": true, "is_active": true, "date_joined": "2021-05-13T16:28:03.660Z", "username": null, "email": "nik-lagan@yandex.ru", "surname": "", "first_name": "", "phone_number": null, "groups": [], "user_permissions": []}}, {"model": "main.customuser", "pk": 2, "fields": {"password": "pbkdf2_sha256$260000$uuY3KN7EQg7KpvNNTJwJwu$k5xvXeb46Ask4/NKvt9+JIgM2sIETdq9QXEC/GbP/lE=", "last_login": null, "is_superuser": false, "last_name": "", "is_staff": false, "is_active": true, "date_joined": "2021-05-16T17:19:25.900Z", "username": null, "email": "ni@no.ru", "surname": "Ни", "first_name": "Но", "phone_number": "+79275644789", "groups": [], "user_permissions": []}}, {"model": "main.typecharacteristic", "pk": 1, "fields": {"title": "Вес"}}, {"model": "main.typecharacteristic", "pk": 2, "fields": {"title": "Объем"}}, {"model": "main.typecharacteristic", "pk": 3, "fields": {"title": "Страна изготовитель"}}, {"model": "main.typecharacteristic", "pk": 4, "fields": {"title": "Размер"}}, {"model": "main.typecharacteristic", "pk": 5, "fields": {"title": "Цвет"}}, {"model": "main.typecharacteristic", "pk": 6, "fields": {"title": "Производитель"}}, {"model": "main.typecharacteristic", "pk": 7, "fields": {"title": "Материал"}}, {"model": "main.category", "pk": 2, "fields": {"category": null, "title": "Защитные маски"}}, {"model": "main.category", "pk": 3, "fields": {"category": null, "title": "Перчатки и комбинезоны"}}, {"model": "main.category", "pk": 4, "fields": {"category": null, "title": "Антисептики"}}, {"model": "main.category", "pk": 5, "fields": {"category": null, "title": "Термометры"}}, {"model": "main.category", "pk": 6, "fields": {"category": null, "title": "Ингаляторы"}}, {"model": "main.characteristicproduct", "pk": 1, "fields": {"type": 1, "value": "100"}}, {"model": "main.characteristicproduct", "pk": 2, "fields": {"type": 3, "value": "Россия"}}, {"model": "main.characteristicproduct", "pk": 3, "fields": {"type": 6, "value": "ООО \"МЕД\""}}, {"model": "main.characteristicproduct", "pk": 4, "fields": {"type": 7, "value": "СМС"}}, {"model": "main.characteristicproduct", "pk": 5, "fields": {"type": 4, "value": "10 на 10 см"}}, {"model": "main.characteristicproduct", "pk": 6, "fields": {"type": 1, "value": "300"}}, {"model": "main.characteristicproduct", "pk": 7, "fields": {"type": 4, "value": "10 на 10 см"}}, {"model": "main.characteristicproduct", "pk": 8, "fields": {"type": 1, "value": "100"}}, {"model": "main.characteristicproduct", "pk": 9, "fields": {"type": 3, "value": "Россия"}}, {"model": "main.characteristicproduct", "pk": 10, "fields": {"type": 6, "value": "Mr Cleaner"}}, {"model": "main.characteristicproduct", "pk": 11, "fields": {"type": 1, "value": "500"}}, {"model": "main.characteristicproduct", "pk": 12, "fields": {"type": 6, "value": "Серебряный стиль"}}, {"model": "main.characteristicproduct", "pk": 13, "fields": {"type": 3, "value": "Россия"}}, {"model": "main.characteristicproduct", "pk": 14, "fields": {"type": 1, "value": "100"}}, {"model": "main.characteristicproduct", "pk": 15, "fields": {"type": 3, "value": "Россия"}}, {"model": "main.characteristicproduct", "pk": 16, "fields": {"type": 6, "value": "УралНанотех"}}, {"model": "main.characteristicproduct", "pk": 17, "fields": {"type": 6, "value": "ПОЛИСЕПТ"}}, {"model": "main.characteristicproduct", "pk": 18, "fields": {"type": 4, "value": "Россия"}}, {"model": "main.characteristicproduct", "pk": 19, "fields": {"type": 1, "value": "250"}}, {"model": "main.product", "pk": 2, "fields": {"title": "Салфетка спиртовая антисептическая из нетканного материала Фарм-Глобал 60х100 мм", "description": "Салфетка спиртовая антисептическая Фарм-Глобал используется для обеззараживания участка кожи перед проведением инъекций и других медицинских манипуляций. Также салфетками можно обрабатывать функциональные поверхности медицинского кабинета, руки и перчатки специалиста.  Салфетка имеет площадь 60 x 100 мм, изготовлена из плотного и мягкого нетканого полотна. Индивидуальная упаковка позволяет с удобством использовать салфетку: ее можно положить в карман, сумку или держать рядом с оборудованием.", "cost": "920.00", "vendor_code": "SALF1000", "characteristics": [5, 6], "category": [4]}}, {"model": "main.product", "pk": 3, "fields": {"title": "Лосьон с антибактериальным эффектом Mr. Cleaner, 100 мл", "description": "Лосьон для рук с антибактериальным эффектом Clean&Safe с экстрактом Алоэ предназначен для быстрого, эффективного, безопасного очищения и обезжиривания кожи рук.   Средство имеет упаковку цилиндрической формы, которая вмещает в себя достаточно большое количество средства — 100 мл, сохраняя при этом компактность. Жидкий лосьон содержит до 70% изопропилового спирта. Для безопасности детей предусмотрен защитный колпачок.", "cost": "163.00", "vendor_code": "LOSYON1000", "characteristics": [7, 8, 9, 10], "category": [4]}}, {"model": "main.product", "pk": 4, "fields": {"title": "Антисептик Деарген-200 - содержащий серебро, 500 мл", "description": "Средство дезинфицирующее \"Деарген\" применяется для обеззораживания воды, воздуха и различных поверхностей.  Главное отличие продукта в том, что он абсолютно безопасен для человека. Экологически чистый уникальный дезифекант нового поколения действует благодаря ионам серебра.", "cost": "390.00", "vendor_code": "ANTSPT1000", "characteristics": [11, 12, 13], "category": [4]}}, {"model": "main.product", "pk": 5, "fields": {"title": "Средство дезинфицирующее (кожный антисептик) ДЕЗИТОЛ А, 100 мл", "description": "Средство дезинфицирующее ДЕЗИТОЛ A — это многокомпонентный кожный антисептик с эффективностью 99,9%. Антисептический эффект достигается не только за счет изопропилового спирта, но и благодаря действию алкилдиметилбензиламмония хлорида и 2-феноксиэтанола. Соединение этих веществ намного лучше действуют против различных бактерий и инфекций.", "cost": "450.00", "vendor_code": "ANTSPT1001", "characteristics": [14, 15, 16], "category": [4]}}, {"model": "main.product", "pk": 6, "fields": {"title": "Экобриз антисептик спрей 100 мл.", "description": "Антисептик Экобриз в виде спрея применяется для обработки рук, в том числе гигиенической обработки рук медицинского персонала, для обработки операционного и инъекционного полей, локтевых сгибов доноров.", "cost": "200.00", "vendor_code": "ANTSPT1002", "characteristics": [17, 18, 19], "category": [4]}}, {"model": "main.product", "pk": 7, "fields": {"title": "Маска1", "description": "вфц", "cost": "150.00", "vendor_code": "516512", "characteristics": [1], "category": [2]}}, {"model": "main.product", "pk": 8, "fields": {"title": "Маска2", "description": "фвцфцв", "cost": "150.00", "vendor_code": "123123", "characteristics": [7], "category": [2]}}, {"model": "main.product", "pk": 9, "fields": {"title": "Маска3", "description": "фцвфцвфцвфцв", "cost": "190.00", "vendor_code": "54964", "characteristics": [4], "category": [2]}}, {"model": "main.product", "pk": 10, "fields": {"title": "Маска4", "description": "фвцвфцв", "cost": "182.00", "vendor_code": "354671", "characteristics": [4], "category": [2]}}, {"model": "main.product", "pk": 11, "fields": {"title": "Перчатки1", "description": "фцвфцв", "cost": "112.00", "vendor_code": "112312312", "characteristics": [3], "category": [3]}}, {"model": "main.product", "pk": 12, "fields": {"title": "Комбез1", "description": "фцвфцвфа", "cost": "92.00", "vendor_code": "984651", "characteristics": [3], "category": [3]}}, {"model": "main.product", "pk": 13, "fields": {"title": "Перчатки2", "description": "рвкпрвкы", "cost": "90.00", "vendor_code": "684541351", "characteristics": [4], "category": [3]}}, {"model": "main.product", "pk": 14, "fields": {"title": "Комбез2", "description": "ыупыуп", "cost": "94.00", "vendor_code": "546749648", "characteristics": [3], "category": [3]}}, {"model": "main.product", "pk": 15, "fields": {"title": "Перчатки3", "description": "ыуаыкпвкп", "cost": "32.00", "vendor_code": "468468468", "characteristics": [3], "category": [3]}}, {"model": "main.product", "pk": 16, "fields": {"title": "Термометр1", "description": "ф6аыкп", "cost": "150.00", "vendor_code": "684684161", "characteristics": [2], "category": [5]}}, {"model": "main.product", "pk": 17, "fields": {"title": "Термометр2", "description": "ыуп вервер", "cost": "88.00", "vendor_code": "46461", "characteristics": [2], "category": [5]}}, {"model": "main.product", "pk": 18, "fields": {"title": "Термометр3", "description": "дыуаурашщыкрпа", "cost": "160.00", "vendor_code": "4641684191", "characteristics": [2], "category": [5]}}, {"model": "main.product", "pk": 19, "fields": {"title": "Термометр4", "description": "рвервер", "cost": "230.00", "vendor_code": "351684681", "characteristics": [2], "category": [5]}}, {"model": "main.product", "pk": 20, "fields": {"title": "Термометр5", "description": "ыкрпыкр", "cost": "302.00", "vendor_code": "68443521", "characteristics": [2], "category": [5]}}, {"model": "main.product", "pk": 21, "fields": {"title": "Ингалятор1", "description": "фвфцаф", "cost": "230.00", "vendor_code": "684684681", "characteristics": [3], "category": [6]}}, {"model": "main.product", "pk": 22, "fields": {"title": "Ингалятор2", "description": "упыупыупып", "cost": "250.00", "vendor_code": "3546841651", "characteristics": [2], "category": [6]}}, {"model": "main.product", "pk": 23, "fields": {"title": "Ингалятор3", "description": "вкпвпкп", "cost": "300.00", "vendor_code": "652111", "characteristics": [3], "category": [6]}}, {"model": "main.product", "pk": 24, "fields": {"title": "Ингалятор4", "description": "ффцвфцв", "cost": "500.00", "vendor_code": "684568416", "characteristics": [3], "category": [6]}}, {"model": "main.product", "pk": 25, "fields": {"title": "Ингалятор5", "description": "фцвфцафа", "cost": "650.00", "vendor_code": "84687461", "characteristics": [3], "category": [6]}}, {"model": "main.product", "pk": 26, "fields": {"title": "Очиститель1", "description": "ыпыкпрыукпр", "cost": "190.00", "vendor_code": "684768413", "characteristics": [3], "category": []}}, {"model": "main.product", "pk": 27, "fields": {"title": "Очиститель2", "description": "ыкпывкпркп", "cost": "300.00", "vendor_code": "546541631", "characteristics": [2], "category": []}}, {"model": "main.product", "pk": 28, "fields": {"title": "Очиститель3", "description": "пыпрвер", "cost": "600.00", "vendor_code": "6546846841", "characteristics": [3], "category": []}}, {"model": "main.product", "pk": 29, "fields": {"title": "Очиститель4", "description": "ыукпыупкр", "cost": "250.00", "vendor_code": "764616815", "characteristics": [3], "category": []}}, {"model": "main.product", "pk": 30, "fields": {"title": "Очиститель5", "description": "аыуыкпып", "cost": "460.00", "vendor_code": "1851681351", "characteristics": [3], "category": []}}, {"model": "main.imageproduct", "pk": 1, "fields": {"product": 2, "title": null, "is_main": true, "image": "images/salf_spirt_antisept.jpg"}}, {"model": "main.imageproduct", "pk": 2, "fields": {"product": 3, "title": null, "is_main": true, "image": "images/losyon_mr_cleaner.jpg"}}, {"model": "main.imageproduct", "pk": 3, "fields": {"product": 4, "title": null, "is_main": true, "image": "images/antisept_deargern.jpg"}}, {"model": "main.imageproduct", "pk": 4, "fields": {"product": 5, "title": null, "is_main": true, "image": "images/dezitol.jpg"}}, {"model": "main.imageproduct", "pk": 5, "fields": {"product": 6, "title": null, "is_main": true, "image": "images/ecobriz.jpg"}}, {"model": "main.imageproduct", "pk": 6, "fields": {"product": 7, "title": null, "is_main": true, "image": "images/mask1.jpg"}}, {"model": "main.imageproduct", "pk": 7, "fields": {"product": 8, "title": null, "is_main": true, "image": "images/mask2.jpg"}}, {"model": "main.imageproduct", "pk": 8, "fields": {"product": 9, "title": null, "is_main": true, "image": "images/mask3.jpg"}}, {"model": "main.imageproduct", "pk": 9, "fields": {"product": 10, "title": null, "is_main": true, "image": "images/mask4.jpg"}}, {"model": "main.imageproduct", "pk": 10, "fields": {"product": 11, "title": null, "is_main": true, "image": "images/perch1.jpg"}}, {"model": "main.imageproduct", "pk": 11, "fields": {"product": 12, "title": null, "is_main": true, "image": "images/kombez1.jpg"}}, {"model": "main.imageproduct", "pk": 12, "fields": {"product": 13, "title": null, "is_main": true, "image": "images/perch2.jpg"}}, {"model": "main.imageproduct", "pk": 13, "fields": {"product": 14, "title": null, "is_main": true, "image": "images/kombez2.jpg"}}, {"model": "main.imageproduct", "pk": 14, "fields": {"product": 15, "title": null, "is_main": true, "image": "images/perch3.jpg"}}, {"model": "main.imageproduct", "pk": 15, "fields": {"product": 16, "title": null, "is_main": true, "image": "images/therm1.jpg"}}, {"model": "main.imageproduct", "pk": 16, "fields": {"product": 17, "title": null, "is_main": true, "image": "images/therm2.jpg"}}, {"model": "main.imageproduct", "pk": 17, "fields": {"product": 18, "title": null, "is_main": true, "image": "images/therm3.jpg"}}, {"model": "main.imageproduct", "pk": 18, "fields": {"product": 19, "title": null, "is_main": true, "image": "images/therm4.jpg"}}, {"model": "main.imageproduct", "pk": 19, "fields": {"product": 20, "title": null, "is_main": true, "image": "images/therm5.jpg"}}, {"model": "main.imageproduct", "pk": 20, "fields": {"product": 21, "title": null, "is_main": true, "image": "images/inhaler1.jpg"}}, {"model": "main.imageproduct", "pk": 21, "fields": {"product": 22, "title": null, "is_main": true, "image": "images/inhaler2.jpg"}}, {"model": "main.imageproduct", "pk": 22, "fields": {"product": 23, "title": null, "is_main": true, "image": "images/inhaler3.jpg"}}, {"model": "main.imageproduct", "pk": 23, "fields": {"product": 24, "title": null, "is_main": true, "image": "images/inhaler4.jpg"}}, {"model": "main.imageproduct", "pk": 24, "fields": {"product": 25, "title": null, "is_main": true, "image": "images/inhaler5.jpg"}}, {"model": "main.shoppingcart", "pk": 1, "fields": {"user": 2, "sum_without_discount": null, "sum_with_discount": null, "promo_code": null, "date_created": "2021-05-16T17:19:26.249Z", "is_added_in_order": false}}, {"model": "main.order", "pk": 1, "fields": {"user": 2, "address": "Савушкина 53", "date_created": "2021-05-16T17:21:28.258Z", "date_delivery": "2021-05-16T17:21:28.258Z", "shopping_cart": 1}}]